state,zip_min,zip_max
AL,35000,36999
AK,99500,99999
AZ,85000,86599
AR,71600,72999
CA,90000,96199
CO,80000,81699
CT,6000,6999
DE,19700,19999
DC,20000,20599
FL,32000,34999
GA,30000,31999
GA,39800,39999
HI,96700,96899
ID,83200,83899
IL,60000,62999
IN,46000,47999
IA,50000,52899
KS,66000,67999
KY,40000,42799
LA,70000,71499
ME,3900,4999
MD,20600,21999
MA,1000,2799
MA,5500,5599
MI,48000,49999
MN,55000,56799
MS,38600,39799
MO,63000,65899
MT,59000,59999
NE,68000,69399
NV,88900,89899
NH,3000,3899
NJ,7000,8999
NM,87000,88499
NY,10000,14999
NY,500,599
NY,6300,6399
NC,27000,28999
ND,58000,58899
OH,43000,45999
OK,73000,74999
OR,97000,97999
PA,15000,19699
RI,2800,2999
SC,29000,29999
SD,57000,57799
TN,37000,38599
TX,75000,79999
TX,88500,88599
UT,84000,84799
VT,5000,5999
VA,20100,20199
VA,22000,24699
WA,98000,99499
WV,24700,26899
WI,53000,54999
WY,82000,83199
AS,96799,96799
FM,96941,96944
GU,96910,96939
MH,96960,96970
MP,96950,96952
PW,96940,96940
PR,600,799
PR,900,999
VI,800,899
AA,34000,34099
AE,9000,9999
AP,96200,96699
